"","Df","Sum Sq","Mean Sq","F value","Pr(>F)"
"Competition",16,50.0788467342174,3.12992792088859,1.47209286055022,0.103579468381996
"Residuals  ",693,1473.43969073057,2.12617559989981,NA,NA
