"","Df","Sum Sq","Mean Sq","F value","Pr(>F)"
"Competition",9,22.2611553110356,2.47346170122618,1.13815529350896,0.33299472559212
"Residuals  ",694,1508.21459113783,2.17321987195652,NA,NA
