"","Estimate","2.5 %","97.5 %"
"(Intercept)",1.427138390289,1.30670318009095,1.54757360048705
"Minute",0.00132096872717458,0.000628705355614816,0.00201323209873435
