"","Estimate","2.5 %","97.5 %"
"(Intercept)",1.51084271956676,1.38997359818472,1.63171184094879
"Minute",0.00152227832886905,0.000884997817434152,0.00215955884030394
