"","Estimate","2.5 %","97.5 %"
"(Intercept)",2.83615322641901,2.58285551933223,3.08945093350578
"Minute",-0.000733444141063562,-0.00197167407660337,0.000504785794476242
